{
  "models": {
    "linear_regression": {
      "cv_rmse": 2.352983399795238,
      "cv_r2": 0.5510731899415395,
      "holdout_rmse": 2.817076195452805,
      "holdout_r2": 0.6206446809639533
    },
    "random_forest": {
      "cv_rmse": 4.623889972821923,
      "cv_r2": -0.3534075108680459,
      "holdout_rmse": 3.8672328204460524,
      "holdout_r2": 0.2850928709537296
    },
    "hist_gradient_boosting": {
      "cv_rmse": 4.545602564792877,
      "cv_r2": -0.3332395615341842,
      "holdout_rmse": 4.384404039559394,
      "holdout_r2": 0.08109602840831953
    }
  },
  "selected_model": "linear_regression"
}